model,checkpoint,epoch,bleu,chrf,comet,bertscore
helsinki,checkpoint-625,1.0,20.25907448956767,51.68846748274443,0.6889667385935784,0.8400595784187317
