model,bleu,chrf,comet,bertscore
unicamp-t5,40.06461104634242,65.61382807229765,0.8498981976270675,0.8956802487373352
