model,bleu,chrf,comet,bertscore
helsinki,42.787607521090635,69.28432293145043,,
