model,bleu,chrf,comet,bertscore
helsinki,42.787607521090635,69.28432293145043,,0.9078
m2m100,21.492879390301198,58.25761930018927,,